District,Customer Name,Age,Location,Sales Distribution,Product Volume
Achham,Customer_869,20,Location_3,81,831
Achham,Customer_788,34,Location_5,55,535
Achham,Customer_915,45,Location_7,1,601
Achham,Customer_956,57,Location_9,48,185
Achham,Customer_349,35,Location_1,88,49
Achham,Customer_994,30,Location_9,14,131
Achham,Customer_748,18,Location_8,61,89
Achham,Customer_492,25,Location_7,35,72
Achham,Customer_670,28,Location_9,77,593
Achham,Customer_999,39,Location_6,12,107
Achham,Customer_386,52,Location_2,68,41
Achham,Customer_623,25,Location_10,31,749
Achham,Customer_944,30,Location_10,66,433
Achham,Customer_386,42,Location_8,41,428
Achham,Customer_975,43,Location_9,95,887
Achham,Customer_71,40,Location_10,100,668
Achham,Customer_987,25,Location_10,58,929
Achham,Customer_891,31,Location_8,66,330
Achham,Customer_942,25,Location_6,36,833
Achham,Customer_582,29,Location_3,22,327
Arghakhanchi,Customer_113,57,Location_7,78,335
Arghakhanchi,Customer_815,21,Location_6,34,310
Arghakhanchi,Customer_996,50,Location_6,84,775
Arghakhanchi,Customer_306,37,Location_6,28,781
Arghakhanchi,Customer_225,22,Location_7,92,230
Arghakhanchi,Customer_700,51,Location_8,77,552
Arghakhanchi,Customer_881,41,Location_10,16,704
Arghakhanchi,Customer_208,51,Location_2,85,235
Arghakhanchi,Customer_83,50,Location_1,30,458
Arghakhanchi,Customer_45,55,Location_6,49,313
Arghakhanchi,Customer_57,30,Location_4,92,293
Arghakhanchi,Customer_667,35,Location_2,44,701
Arghakhanchi,Customer_482,31,Location_5,1,528
Arghakhanchi,Customer_866,20,Location_3,13,582
Arghakhanchi,Customer_588,26,Location_7,42,883
Arghakhanchi,Customer_65,32,Location_3,28,872
Arghakhanchi,Customer_472,39,Location_10,21,8
Arghakhanchi,Customer_200,39,Location_5,87,954
Arghakhanchi,Customer_139,43,Location_1,81,328
Arghakhanchi,Customer_266,40,Location_3,48,244
Baglung,Customer_919,32,Location_9,37,910
Baglung,Customer_221,44,Location_9,88,404
Baglung,Customer_800,26,Location_1,57,799
Baglung,Customer_860,44,Location_2,76,379
Baglung,Customer_993,28,Location_6,91,653
Baglung,Customer_686,60,Location_3,81,846
Baglung,Customer_469,35,Location_3,44,870
Baglung,Customer_245,56,Location_10,42,278
Baglung,Customer_981,49,Location_10,44,174
Baglung,Customer_351,20,Location_3,31,755
Baglung,Customer_475,54,Location_7,98,71
Baglung,Customer_111,40,Location_7,54,39
Baglung,Customer_708,19,Location_8,85,991
Baglung,Customer_954,55,Location_4,68,749
Baglung,Customer_933,30,Location_10,8,222
Baglung,Customer_612,34,Location_8,65,221
Baglung,Customer_569,32,Location_3,75,271
Baglung,Customer_302,29,Location_3,32,284
Baglung,Customer_656,43,Location_5,92,300
Baglung,Customer_149,55,Location_4,26,332
Baitadi,Customer_543,33,Location_5,45,807
Baitadi,Customer_985,38,Location_6,55,244
Baitadi,Customer_337,29,Location_1,91,494
Baitadi,Customer_769,26,Location_4,91,742
Baitadi,Customer_843,58,Location_1,98,450
Baitadi,Customer_133,20,Location_10,58,890
Baitadi,Customer_238,42,Location_2,44,908
Baitadi,Customer_127,27,Location_8,44,35
Baitadi,Customer_648,52,Location_8,36,623
Baitadi,Customer_929,48,Location_9,55,20
Baitadi,Customer_520,19,Location_7,56,335
Baitadi,Customer_365,54,Location_6,41,127
Baitadi,Customer_907,30,Location_2,64,994
Baitadi,Customer_170,27,Location_6,67,878
Baitadi,Customer_505,60,Location_5,31,145
Baitadi,Customer_986,47,Location_8,8,885
Baitadi,Customer_240,29,Location_2,16,772
Baitadi,Customer_567,58,Location_8,6,913
Baitadi,Customer_53,52,Location_10,49,589
Baitadi,Customer_731,40,Location_9,47,847
Bajhang,Customer_387,41,Location_6,63,955
Bajhang,Customer_453,28,Location_1,52,721
Bajhang,Customer_231,19,Location_3,70,682
Bajhang,Customer_380,55,Location_2,78,289
Bajhang,Customer_98,25,Location_6,34,428
Bajhang,Customer_555,60,Location_1,98,401
Bajhang,Customer_926,46,Location_3,12,791
Bajhang,Customer_55,41,Location_8,40,42
Bajhang,Customer_504,27,Location_2,100,736
Bajhang,Customer_547,21,Location_7,77,96
Bajhang,Customer_716,39,Location_8,79,189
Bajhang,Customer_450,34,Location_6,45,853
Bajhang,Customer_205,29,Location_4,54,791
Bajhang,Customer_980,48,Location_4,56,950
Bajhang,Customer_653,60,Location_5,84,902
Bajhang,Customer_9,32,Location_3,83,226
Bajhang,Customer_289,18,Location_4,89,637
Bajhang,Customer_442,47,Location_1,25,147
Bajhang,Customer_303,52,Location_10,84,319
Bajhang,Customer_686,53,Location_1,15,990
Bajura,Customer_208,24,Location_5,24,525
Bajura,Customer_646,37,Location_3,1,473
Bajura,Customer_546,25,Location_8,83,25
Bajura,Customer_509,31,Location_2,93,254
Bajura,Customer_866,20,Location_2,50,760
Bajura,Customer_100,46,Location_7,42,296
Bajura,Customer_418,59,Location_5,47,283
Bajura,Customer_466,60,Location_3,30,156
Bajura,Customer_169,27,Location_8,43,182
Bajura,Customer_737,27,Location_6,39,126
Bajura,Customer_680,60,Location_8,16,401
Bajura,Customer_69,22,Location_7,79,526
Bajura,Customer_894,44,Location_7,93,797
Bajura,Customer_808,18,Location_2,35,183
Bajura,Customer_572,28,Location_5,64,67
Bajura,Customer_594,46,Location_10,14,103
Bajura,Customer_838,56,Location_4,4,571
Bajura,Customer_910,53,Location_8,76,682
Bajura,Customer_904,55,Location_6,46,833
Bajura,Customer_310,51,Location_2,47,211
Banke,Customer_87,54,Location_7,25,905
Banke,Customer_641,41,Location_3,17,157
Banke,Customer_972,29,Location_8,20,417
Banke,Customer_893,23,Location_7,36,380
Banke,Customer_284,47,Location_4,48,611
Banke,Customer_926,47,Location_1,6,374
Banke,Customer_109,27,Location_10,54,825
Banke,Customer_734,53,Location_10,77,146
Banke,Customer_577,33,Location_8,62,30
Banke,Customer_570,21,Location_3,44,196
Banke,Customer_105,35,Location_5,38,265
Banke,Customer_451,41,Location_8,53,361
Banke,Customer_679,21,Location_3,52,276
Banke,Customer_986,48,Location_3,19,516
Banke,Customer_322,39,Location_2,87,975
Banke,Customer_396,50,Location_9,20,696
Banke,Customer_435,48,Location_10,84,622
Banke,Customer_47,39,Location_2,7,926
Banke,Customer_29,18,Location_3,62,393
Banke,Customer_485,38,Location_5,56,970
Bara,Customer_191,48,Location_9,45,826
Bara,Customer_99,58,Location_4,18,990
Bara,Customer_245,23,Location_5,90,136
Bara,Customer_327,36,Location_10,26,232
Bara,Customer_8,21,Location_2,65,14
Bara,Customer_502,46,Location_8,44,116
Bara,Customer_760,46,Location_1,37,331
Bara,Customer_598,52,Location_7,46,520
Bara,Customer_473,46,Location_1,46,314
Bara,Customer_884,38,Location_7,63,366
Bara,Customer_147,48,Location_8,69,48
Bara,Customer_443,21,Location_10,25,160
Bara,Customer_674,53,Location_2,60,334
Bara,Customer_235,30,Location_1,100,978
Bara,Customer_116,20,Location_5,83,320
Bara,Customer_889,28,Location_4,53,471
Bara,Customer_888,46,Location_2,15,512
Bara,Customer_699,44,Location_5,72,963
Bara,Customer_134,42,Location_7,12,464
Bara,Customer_603,52,Location_4,74,687
Bardiya,Customer_494,57,Location_10,19,56
Bardiya,Customer_571,54,Location_7,62,433
Bardiya,Customer_688,48,Location_6,19,821
Bardiya,Customer_649,54,Location_3,96,981
Bardiya,Customer_884,21,Location_4,38,364
Bardiya,Customer_977,49,Location_4,19,306
Bardiya,Customer_924,28,Location_7,56,425
Bardiya,Customer_522,57,Location_9,45,624
Bardiya,Customer_400,37,Location_8,1,737
Bardiya,Customer_10,24,Location_7,86,250
Bardiya,Customer_735,59,Location_10,67,813
Bardiya,Customer_757,51,Location_10,88,587
Bardiya,Customer_908,32,Location_4,49,299
Bardiya,Customer_347,39,Location_3,82,795
Bardiya,Customer_690,54,Location_4,74,429
Bardiya,Customer_79,43,Location_1,27,384
Bardiya,Customer_675,51,Location_8,36,841
Bardiya,Customer_507,42,Location_5,71,966
Bardiya,Customer_159,57,Location_1,82,530
Bardiya,Customer_375,60,Location_5,90,803
Bhaktapur,Customer_408,27,Location_3,29,670
Bhaktapur,Customer_575,26,Location_2,14,258
Bhaktapur,Customer_462,56,Location_4,18,320
Bhaktapur,Customer_761,36,Location_1,48,452
Bhaktapur,Customer_608,56,Location_9,74,212
Bhaktapur,Customer_220,42,Location_6,33,875
Bhaktapur,Customer_835,20,Location_2,92,317
Bhaktapur,Customer_412,40,Location_1,23,646
Bhaktapur,Customer_238,49,Location_3,3,569
Bhaktapur,Customer_164,33,Location_9,3,944
Bhaktapur,Customer_540,46,Location_4,67,735
Bhaktapur,Customer_485,34,Location_4,21,192
Bhaktapur,Customer_209,44,Location_8,7,681
Bhaktapur,Customer_414,32,Location_8,98,576
Bhaktapur,Customer_259,52,Location_1,88,25
Bhaktapur,Customer_362,49,Location_7,47,276
Bhaktapur,Customer_174,46,Location_7,16,892
Bhaktapur,Customer_119,25,Location_10,83,501
Bhaktapur,Customer_131,37,Location_10,85,80
Bhaktapur,Customer_315,30,Location_7,60,951
Bhojpur,Customer_572,58,Location_6,24,812
Bhojpur,Customer_275,20,Location_9,20,971
Bhojpur,Customer_659,58,Location_7,76,464
Bhojpur,Customer_563,34,Location_8,71,174
Bhojpur,Customer_82,60,Location_5,80,511
Bhojpur,Customer_800,22,Location_3,85,711
Bhojpur,Customer_798,22,Location_8,51,613
Bhojpur,Customer_810,21,Location_4,44,408
Bhojpur,Customer_322,33,Location_3,52,42
Bhojpur,Customer_606,32,Location_7,100,143
Bhojpur,Customer_428,58,Location_10,43,340
Bhojpur,Customer_279,39,Location_9,56,242
Bhojpur,Customer_884,35,Location_5,65,398
Bhojpur,Customer_782,43,Location_1,21,794
Bhojpur,Customer_808,47,Location_10,82,497
Bhojpur,Customer_759,25,Location_9,97,879
Bhojpur,Customer_33,53,Location_10,51,620
Bhojpur,Customer_16,31,Location_10,10,592
Bhojpur,Customer_966,41,Location_1,27,145
Bhojpur,Customer_687,37,Location_3,86,125
Chitwan,Customer_95,43,Location_1,67,493
Chitwan,Customer_580,32,Location_3,82,644
Chitwan,Customer_560,57,Location_4,92,8
Chitwan,Customer_284,51,Location_7,37,817
Chitwan,Customer_311,30,Location_4,40,944
Chitwan,Customer_483,52,Location_6,76,151
Chitwan,Customer_202,58,Location_6,61,316
Chitwan,Customer_466,36,Location_2,97,35
Chitwan,Customer_79,47,Location_9,66,24
Chitwan,Customer_295,50,Location_2,8,7
Chitwan,Customer_238,35,Location_2,7,486
Chitwan,Customer_883,51,Location_5,57,473
Chitwan,Customer_784,52,Location_9,58,63
Chitwan,Customer_696,20,Location_10,97,267
Chitwan,Customer_301,47,Location_2,18,171
Chitwan,Customer_482,18,Location_4,27,59
Chitwan,Customer_842,21,Location_9,66,344
Chitwan,Customer_946,27,Location_3,18,530
Chitwan,Customer_76,37,Location_9,24,588
Chitwan,Customer_305,39,Location_3,91,78
Dadeldhura,Customer_931,42,Location_2,62,706
Dadeldhura,Customer_523,39,Location_3,39,631
Dadeldhura,Customer_834,47,Location_3,41,6
Dadeldhura,Customer_466,51,Location_9,87,545
Dadeldhura,Customer_365,38,Location_1,40,526
Dadeldhura,Customer_112,55,Location_5,33,188
Dadeldhura,Customer_483,51,Location_3,89,664
Dadeldhura,Customer_341,37,Location_3,65,371
Dadeldhura,Customer_380,46,Location_7,74,85
Dadeldhura,Customer_849,40,Location_1,73,805
Dadeldhura,Customer_836,45,Location_7,39,179
Dadeldhura,Customer_137,19,Location_5,3,640
Dadeldhura,Customer_773,32,Location_5,66,840
Dadeldhura,Customer_885,25,Location_3,32,584
Dadeldhura,Customer_780,53,Location_7,24,217
Dadeldhura,Customer_877,43,Location_3,39,639
Dadeldhura,Customer_487,32,Location_6,62,839
Dadeldhura,Customer_925,20,Location_1,40,391
Dadeldhura,Customer_241,33,Location_4,4,272
Dadeldhura,Customer_280,52,Location_6,41,308
Dailekh,Customer_715,31,Location_7,31,69
Dailekh,Customer_343,59,Location_2,51,513
Dailekh,Customer_89,52,Location_3,35,374
Dailekh,Customer_901,50,Location_7,96,23
Dailekh,Customer_341,44,Location_10,44,984
Dailekh,Customer_258,29,Location_4,69,311
Dailekh,Customer_991,59,Location_6,61,484
Dailekh,Customer_4,34,Location_9,28,26
Dailekh,Customer_247,45,Location_1,53,910
Dailekh,Customer_94,56,Location_10,58,950
Dailekh,Customer_937,58,Location_1,65,135
Dailekh,Customer_793,37,Location_9,66,489
Dailekh,Customer_343,19,Location_7,58,687
Dailekh,Customer_590,49,Location_2,29,983
Dailekh,Customer_53,45,Location_2,45,71
Dailekh,Customer_964,32,Location_5,40,50
Dailekh,Customer_866,18,Location_2,51,652
Dailekh,Customer_776,18,Location_3,21,321
Dailekh,Customer_737,38,Location_6,29,950
Dailekh,Customer_997,50,Location_2,3,209
Dang,Customer_659,20,Location_6,74,151
Dang,Customer_612,53,Location_8,33,878
Dang,Customer_198,60,Location_6,85,80
Dang,Customer_448,33,Location_3,3,387
Dang,Customer_540,58,Location_5,88,107
Dang,Customer_639,38,Location_7,71,792
Dang,Customer_817,22,Location_2,88,685
Dang,Customer_762,37,Location_9,20,460
Dang,Customer_399,52,Location_6,87,753
Dang,Customer_327,50,Location_2,75,241
Dang,Customer_69,38,Location_3,82,566
Dang,Customer_906,60,Location_4,28,771
Dang,Customer_933,20,Location_1,55,703
Dang,Customer_746,25,Location_9,63,978
Dang,Customer_547,29,Location_1,27,534
Dang,Customer_158,56,Location_5,43,672
Dang,Customer_43,23,Location_9,5,992
Dang,Customer_535,22,Location_4,57,101
Dang,Customer_106,25,Location_6,40,773
Dang,Customer_526,59,Location_7,59,554
Darchula,Customer_550,48,Location_10,65,420
Darchula,Customer_472,48,Location_4,51,236
Darchula,Customer_565,33,Location_4,12,399
Darchula,Customer_214,57,Location_4,29,174
Darchula,Customer_499,21,Location_10,55,586
Darchula,Customer_973,49,Location_5,13,338
Darchula,Customer_271,42,Location_4,90,526
Darchula,Customer_697,24,Location_2,35,126
Darchula,Customer_527,43,Location_2,63,326
Darchula,Customer_910,36,Location_1,73,429
Darchula,Customer_167,52,Location_5,69,592
Darchula,Customer_319,50,Location_5,22,290
Darchula,Customer_70,27,Location_10,85,67
Darchula,Customer_324,24,Location_9,56,828
Darchula,Customer_700,33,Location_8,67,868
Darchula,Customer_767,50,Location_1,67,762
Darchula,Customer_447,50,Location_10,58,987
Darchula,Customer_971,33,Location_1,30,518
Darchula,Customer_359,31,Location_8,84,544
Darchula,Customer_729,48,Location_2,75,919
Dhading,Customer_730,25,Location_3,9,548
Dhading,Customer_872,32,Location_1,92,33
Dhading,Customer_340,33,Location_1,22,394
Dhading,Customer_891,30,Location_1,49,419
Dhading,Customer_137,46,Location_1,73,184
Dhading,Customer_842,52,Location_2,62,20
Dhading,Customer_37,20,Location_2,75,873
Dhading,Customer_156,44,Location_3,4,701
Dhading,Customer_469,55,Location_7,10,673
Dhading,Customer_476,41,Location_4,27,767
Dhading,Customer_769,18,Location_3,83,73
Dhading,Customer_300,32,Location_7,18,119
Dhading,Customer_538,58,Location_10,73,930
Dhading,Customer_428,43,Location_2,72,188
Dhading,Customer_581,57,Location_9,51,871
Dhading,Customer_722,37,Location_5,52,231
Dhading,Customer_231,47,Location_10,67,660
Dhading,Customer_67,30,Location_2,95,829
Dhading,Customer_630,32,Location_3,22,80
Dhading,Customer_230,23,Location_10,22,558
Dhankuta,Customer_548,30,Location_5,12,714
Dhankuta,Customer_347,49,Location_3,30,813
Dhankuta,Customer_775,44,Location_8,78,212
Dhankuta,Customer_269,25,Location_7,99,697
Dhankuta,Customer_556,48,Location_8,80,237
Dhankuta,Customer_892,50,Location_1,92,159
Dhankuta,Customer_253,33,Location_9,47,718
Dhankuta,Customer_374,40,Location_6,79,30
Dhankuta,Customer_578,22,Location_5,33,117
Dhankuta,Customer_769,43,Location_5,39,244
Dhankuta,Customer_240,26,Location_2,81,565
Dhankuta,Customer_427,54,Location_9,89,45
Dhankuta,Customer_369,44,Location_9,23,310
Dhankuta,Customer_718,34,Location_3,67,404
Dhankuta,Customer_116,59,Location_10,61,223
Dhankuta,Customer_229,58,Location_9,9,556
Dhankuta,Customer_652,34,Location_8,64,861
Dhankuta,Customer_422,32,Location_1,11,456
Dhankuta,Customer_213,54,Location_3,92,234
Dhankuta,Customer_728,30,Location_6,68,30
Dhanusha,Customer_232,50,Location_2,5,340
Dhanusha,Customer_893,24,Location_1,7,977
Dhanusha,Customer_116,59,Location_3,87,495
Dhanusha,Customer_34,29,Location_5,5,191
Dhanusha,Customer_276,28,Location_3,33,48
Dhanusha,Customer_867,19,Location_6,45,927
Dhanusha,Customer_74,53,Location_3,42,240
Dhanusha,Customer_595,60,Location_3,81,935
Dhanusha,Customer_693,18,Location_1,53,351
Dhanusha,Customer_850,34,Location_8,83,970
Dhanusha,Customer_355,37,Location_10,62,531
Dhanusha,Customer_614,28,Location_2,44,702
Dhanusha,Customer_74,23,Location_8,13,653
Dhanusha,Customer_774,59,Location_7,34,404
Dhanusha,Customer_223,52,Location_8,54,679
Dhanusha,Customer_33,41,Location_2,34,175
Dhanusha,Customer_974,27,Location_10,21,381
Dhanusha,Customer_675,52,Location_5,38,405
Dhanusha,Customer_647,35,Location_9,55,363
Dhanusha,Customer_740,30,Location_8,74,567
Dholkha,Customer_138,25,Location_2,29,359
Dholkha,Customer_652,46,Location_10,19,416
Dholkha,Customer_842,28,Location_9,2,179
Dholkha,Customer_472,20,Location_6,45,358
Dholkha,Customer_551,56,Location_7,60,420
Dholkha,Customer_704,30,Location_1,72,163
Dholkha,Customer_946,27,Location_3,17,153
Dholkha,Customer_812,55,Location_2,94,968
Dholkha,Customer_355,34,Location_10,92,302
Dholkha,Customer_727,18,Location_5,55,839
Dholkha,Customer_142,40,Location_8,75,136
Dholkha,Customer_203,40,Location_5,74,389
Dholkha,Customer_780,37,Location_4,88,725
Dholkha,Customer_147,28,Location_10,43,647
Dholkha,Customer_716,51,Location_3,24,253
Dholkha,Customer_789,25,Location_4,89,754
Dholkha,Customer_931,21,Location_6,100,756
Dholkha,Customer_990,44,Location_1,46,531
Dholkha,Customer_43,23,Location_7,50,206
Dholkha,Customer_956,41,Location_5,95,721
Dolpa,Customer_99,42,Location_5,15,825
Dolpa,Customer_945,32,Location_5,15,41
Dolpa,Customer_988,49,Location_6,54,230
Dolpa,Customer_616,41,Location_6,16,748
Dolpa,Customer_607,48,Location_5,99,309
Dolpa,Customer_384,60,Location_7,52,451
Dolpa,Customer_394,51,Location_5,25,182
Dolpa,Customer_101,24,Location_9,46,924
Dolpa,Customer_23,54,Location_7,100,998
Dolpa,Customer_456,29,Location_8,13,366
Dolpa,Customer_957,54,Location_9,72,162
Dolpa,Customer_452,57,Location_1,56,852
Dolpa,Customer_394,54,Location_2,13,739
Dolpa,Customer_16,26,Location_9,88,202
Dolpa,Customer_978,52,Location_3,83,189
Dolpa,Customer_473,52,Location_6,87,986
Dolpa,Customer_399,26,Location_9,26,934
Dolpa,Customer_289,47,Location_9,42,482
Dolpa,Customer_786,20,Location_2,86,82
Dolpa,Customer_743,39,Location_6,56,287
Doti,Customer_880,27,Location_1,85,69
Doti,Customer_567,36,Location_6,74,26
Doti,Customer_599,46,Location_2,23,424
Doti,Customer_480,42,Location_1,72,556
Doti,Customer_26,43,Location_6,78,674
Doti,Customer_434,43,Location_5,20,821
Doti,Customer_772,58,Location_6,15,156
Doti,Customer_873,31,Location_6,68,923
Doti,Customer_628,34,Location_3,74,565
Doti,Customer_343,33,Location_4,79,566
Doti,Customer_626,19,Location_2,45,607
Doti,Customer_328,46,Location_10,8,500
Doti,Customer_504,58,Location_3,78,464
Doti,Customer_137,47,Location_10,84,224
Doti,Customer_689,53,Location_4,17,579
Doti,Customer_322,55,Location_6,4,771
Doti,Customer_666,38,Location_8,53,115
Doti,Customer_952,43,Location_8,8,475
Doti,Customer_655,31,Location_1,11,202
Doti,Customer_637,32,Location_6,41,316
Eastern Rukum,Customer_367,30,Location_10,75,904
Eastern Rukum,Customer_398,19,Location_10,33,731
Eastern Rukum,Customer_472,27,Location_7,6,358
Eastern Rukum,Customer_206,18,Location_10,9,435
Eastern Rukum,Customer_933,40,Location_10,79,856
Eastern Rukum,Customer_910,23,Location_7,87,495
Eastern Rukum,Customer_742,54,Location_9,80,240
Eastern Rukum,Customer_878,22,Location_10,25,543
Eastern Rukum,Customer_935,29,Location_10,72,689
Eastern Rukum,Customer_847,43,Location_4,86,338
Eastern Rukum,Customer_632,35,Location_3,25,272
Eastern Rukum,Customer_32,20,Location_9,85,612
Eastern Rukum,Customer_859,37,Location_8,26,91
Eastern Rukum,Customer_421,49,Location_6,1,153
Eastern Rukum,Customer_83,39,Location_9,26,842
Eastern Rukum,Customer_572,34,Location_3,84,223
Eastern Rukum,Customer_238,24,Location_4,29,544
Eastern Rukum,Customer_317,24,Location_10,28,906
Eastern Rukum,Customer_525,49,Location_7,26,257
Eastern Rukum,Customer_214,36,Location_4,54,676
Gorkha,Customer_364,22,Location_7,46,598
Gorkha,Customer_121,58,Location_10,3,748
Gorkha,Customer_529,34,Location_1,87,684
Gorkha,Customer_905,24,Location_8,33,376
Gorkha,Customer_45,38,Location_4,2,554
Gorkha,Customer_273,56,Location_1,68,913
Gorkha,Customer_569,56,Location_7,78,269
Gorkha,Customer_479,18,Location_9,98,542
Gorkha,Customer_53,21,Location_2,25,459
Gorkha,Customer_728,38,Location_9,63,859
Gorkha,Customer_609,31,Location_3,95,691
Gorkha,Customer_710,29,Location_5,45,910
Gorkha,Customer_884,45,Location_10,35,180
Gorkha,Customer_454,44,Location_7,51,272
Gorkha,Customer_577,56,Location_8,74,181
Gorkha,Customer_482,18,Location_5,84,575
Gorkha,Customer_425,46,Location_2,7,612
Gorkha,Customer_417,45,Location_1,25,687
Gorkha,Customer_189,33,Location_5,46,398
Gorkha,Customer_924,47,Location_9,78,927
Gulmi,Customer_334,32,Location_5,70,628
Gulmi,Customer_725,21,Location_10,11,663
Gulmi,Customer_202,58,Location_9,73,698
Gulmi,Customer_112,51,Location_8,30,869
Gulmi,Customer_465,56,Location_3,16,227
Gulmi,Customer_566,55,Location_7,17,887
Gulmi,Customer_62,39,Location_1,78,224
Gulmi,Customer_960,54,Location_2,56,993
Gulmi,Customer_579,58,Location_9,30,378
Gulmi,Customer_462,44,Location_10,84,326
Gulmi,Customer_625,57,Location_1,62,2
Gulmi,Customer_162,20,Location_2,36,168
Gulmi,Customer_691,32,Location_10,44,16
Gulmi,Customer_246,46,Location_2,2,960
Gulmi,Customer_34,58,Location_4,61,504
Gulmi,Customer_318,22,Location_4,61,38
Gulmi,Customer_196,54,Location_2,28,530
Gulmi,Customer_556,42,Location_10,48,821
Gulmi,Customer_98,37,Location_10,8,903
Gulmi,Customer_875,25,Location_2,67,343
Humla,Customer_82,36,Location_1,6,16
Humla,Customer_730,51,Location_8,73,143
Humla,Customer_922,31,Location_4,75,439
Humla,Customer_910,33,Location_3,13,920
Humla,Customer_675,24,Location_3,98,318
Humla,Customer_448,60,Location_8,94,970
Humla,Customer_910,50,Location_1,50,939
Humla,Customer_888,37,Location_6,12,617
Humla,Customer_766,32,Location_7,81,136
Humla,Customer_240,39,Location_9,6,983
Humla,Customer_361,30,Location_10,41,429
Humla,Customer_198,35,Location_8,97,905
Humla,Customer_224,25,Location_4,47,415
Humla,Customer_691,19,Location_4,47,401
Humla,Customer_578,55,Location_3,2,295
Humla,Customer_651,27,Location_3,46,413
Humla,Customer_501,20,Location_7,18,427
Humla,Customer_141,47,Location_6,29,718
Humla,Customer_637,32,Location_8,96,141
Humla,Customer_328,26,Location_8,16,676
Ilam,Customer_322,20,Location_8,21,433
Ilam,Customer_287,54,Location_9,38,417
Ilam,Customer_122,20,Location_1,68,364
Ilam,Customer_671,55,Location_8,71,780
Ilam,Customer_284,48,Location_7,29,783
Ilam,Customer_394,53,Location_2,46,252
Ilam,Customer_334,50,Location_9,8,922
Ilam,Customer_398,18,Location_2,76,912
Ilam,Customer_603,60,Location_3,44,755
Ilam,Customer_657,42,Location_8,5,595
Ilam,Customer_427,43,Location_10,24,819
Ilam,Customer_391,38,Location_9,56,354
Ilam,Customer_621,21,Location_9,77,637
Ilam,Customer_601,55,Location_10,31,286
Ilam,Customer_848,48,Location_2,81,577
Ilam,Customer_585,37,Location_10,70,904
Ilam,Customer_699,57,Location_9,87,501
Ilam,Customer_813,40,Location_3,77,170
Ilam,Customer_671,19,Location_1,49,642
Ilam,Customer_275,37,Location_8,77,114
Jajarkot,Customer_555,44,Location_8,45,569
Jajarkot,Customer_475,46,Location_10,14,205
Jajarkot,Customer_738,42,Location_1,78,580
Jajarkot,Customer_284,53,Location_5,82,232
Jajarkot,Customer_278,37,Location_3,45,814
Jajarkot,Customer_944,42,Location_5,33,636
Jajarkot,Customer_51,37,Location_6,16,458
Jajarkot,Customer_269,19,Location_4,59,127
Jajarkot,Customer_961,34,Location_7,84,474
Jajarkot,Customer_870,35,Location_8,64,302
Jajarkot,Customer_719,34,Location_6,29,180
Jajarkot,Customer_456,30,Location_10,47,680
Jajarkot,Customer_681,34,Location_4,97,894
Jajarkot,Customer_335,55,Location_5,19,186
Jajarkot,Customer_381,38,Location_1,67,27
Jajarkot,Customer_212,31,Location_10,36,246
Jajarkot,Customer_247,47,Location_5,50,849
Jajarkot,Customer_259,51,Location_9,100,747
Jajarkot,Customer_117,57,Location_7,88,394
Jajarkot,Customer_449,46,Location_10,55,662
Jhapa,Customer_705,51,Location_7,20,211
Jhapa,Customer_617,24,Location_5,65,190
Jhapa,Customer_820,58,Location_2,98,570
Jhapa,Customer_878,40,Location_8,28,151
Jhapa,Customer_537,37,Location_1,52,480
Jhapa,Customer_448,27,Location_1,61,252
Jhapa,Customer_820,52,Location_8,2,513
Jhapa,Customer_208,39,Location_9,3,801
Jhapa,Customer_793,46,Location_1,43,610
Jhapa,Customer_225,35,Location_9,86,297
Jhapa,Customer_793,60,Location_7,1,591
Jhapa,Customer_709,34,Location_8,37,585
Jhapa,Customer_380,22,Location_1,45,219
Jhapa,Customer_947,27,Location_1,19,496
Jhapa,Customer_932,44,Location_8,48,205
Jhapa,Customer_8,40,Location_1,41,201
Jhapa,Customer_408,53,Location_9,42,250
Jhapa,Customer_392,36,Location_8,68,3
Jhapa,Customer_603,23,Location_6,44,31
Jhapa,Customer_280,57,Location_9,59,895
Jumla,Customer_158,51,Location_5,47,188
Jumla,Customer_356,31,Location_6,61,482
Jumla,Customer_376,25,Location_2,69,730
Jumla,Customer_465,41,Location_8,18,711
Jumla,Customer_405,28,Location_1,24,214
Jumla,Customer_539,33,Location_9,24,222
Jumla,Customer_303,21,Location_6,66,573
Jumla,Customer_624,36,Location_9,93,144
Jumla,Customer_424,36,Location_6,74,1000
Jumla,Customer_152,40,Location_8,82,306
Jumla,Customer_640,48,Location_5,99,882
Jumla,Customer_730,26,Location_6,31,936
Jumla,Customer_792,18,Location_10,20,699
Jumla,Customer_438,36,Location_9,70,399
Jumla,Customer_429,47,Location_10,98,475
Jumla,Customer_575,56,Location_3,68,10
Jumla,Customer_254,18,Location_9,61,675
Jumla,Customer_821,33,Location_5,13,431
Jumla,Customer_325,23,Location_7,50,837
Jumla,Customer_741,34,Location_7,20,210
Kailali,Customer_125,24,Location_9,22,985
Kailali,Customer_256,47,Location_9,92,153
Kailali,Customer_698,32,Location_8,5,829
Kailali,Customer_837,56,Location_10,43,38
Kailali,Customer_592,42,Location_5,3,384
Kailali,Customer_779,21,Location_1,47,502
Kailali,Customer_580,49,Location_8,13,710
Kailali,Customer_848,31,Location_1,11,265
Kailali,Customer_946,31,Location_8,61,967
Kailali,Customer_911,49,Location_1,80,333
Kailali,Customer_953,60,Location_10,21,979
Kailali,Customer_334,25,Location_1,9,996
Kailali,Customer_736,32,Location_2,100,51
Kailali,Customer_621,56,Location_9,47,752
Kailali,Customer_123,34,Location_7,13,525
Kailali,Customer_912,29,Location_7,80,672
Kailali,Customer_627,18,Location_1,21,531
Kailali,Customer_458,55,Location_2,21,50
Kailali,Customer_703,42,Location_5,71,677
Kailali,Customer_263,20,Location_10,60,775
Kalikot,Customer_619,34,Location_1,67,901
Kalikot,Customer_560,27,Location_10,20,518
Kalikot,Customer_58,26,Location_4,21,483
Kalikot,Customer_237,30,Location_4,91,508
Kalikot,Customer_618,36,Location_6,52,908
Kalikot,Customer_778,36,Location_5,66,976
Kalikot,Customer_456,47,Location_8,65,439
Kalikot,Customer_482,48,Location_8,47,763
Kalikot,Customer_118,23,Location_3,22,472
Kalikot,Customer_251,59,Location_10,84,179
Kalikot,Customer_866,39,Location_2,57,328
Kalikot,Customer_268,59,Location_4,61,806
Kalikot,Customer_716,56,Location_4,70,537
Kalikot,Customer_244,39,Location_4,22,192
Kalikot,Customer_737,41,Location_8,39,655
Kalikot,Customer_269,30,Location_2,2,739
Kalikot,Customer_768,46,Location_4,81,457
Kalikot,Customer_113,40,Location_5,90,607
Kalikot,Customer_624,56,Location_6,60,302
Kalikot,Customer_824,30,Location_10,51,444
Kanchanpur,Customer_311,19,Location_3,22,743
Kanchanpur,Customer_408,32,Location_1,10,137
Kanchanpur,Customer_497,27,Location_7,91,195
Kanchanpur,Customer_151,39,Location_9,77,851
Kanchanpur,Customer_521,21,Location_3,38,370
Kanchanpur,Customer_811,42,Location_8,5,786
Kanchanpur,Customer_45,58,Location_2,6,469
Kanchanpur,Customer_297,40,Location_3,77,470
Kanchanpur,Customer_117,47,Location_2,77,378
Kanchanpur,Customer_25,24,Location_1,27,743
Kanchanpur,Customer_368,21,Location_9,99,731
Kanchanpur,Customer_600,35,Location_10,68,175
Kanchanpur,Customer_385,31,Location_6,94,840
Kanchanpur,Customer_173,56,Location_5,32,463
Kanchanpur,Customer_55,43,Location_8,94,95
Kanchanpur,Customer_154,19,Location_10,49,910
Kanchanpur,Customer_699,23,Location_3,26,914
Kanchanpur,Customer_188,19,Location_6,70,105
Kanchanpur,Customer_151,40,Location_4,4,330
Kanchanpur,Customer_173,59,Location_8,25,428
Kapilvastu,Customer_816,25,Location_3,22,79
Kapilvastu,Customer_961,53,Location_6,89,541
Kapilvastu,Customer_53,32,Location_2,96,353
Kapilvastu,Customer_21,60,Location_2,54,346
Kapilvastu,Customer_867,53,Location_2,96,238
Kapilvastu,Customer_836,48,Location_8,68,937
Kapilvastu,Customer_117,38,Location_6,23,928
Kapilvastu,Customer_93,50,Location_8,15,187
Kapilvastu,Customer_167,38,Location_5,63,545
Kapilvastu,Customer_429,19,Location_5,87,992
Kapilvastu,Customer_385,43,Location_5,25,559
Kapilvastu,Customer_775,32,Location_5,96,819
Kapilvastu,Customer_669,43,Location_4,72,929
Kapilvastu,Customer_369,23,Location_7,61,186
Kapilvastu,Customer_449,59,Location_1,26,340
Kapilvastu,Customer_828,21,Location_7,90,785
Kapilvastu,Customer_183,52,Location_10,46,70
Kapilvastu,Customer_183,43,Location_5,94,663
Kapilvastu,Customer_342,19,Location_6,99,330
Kapilvastu,Customer_497,31,Location_3,11,606
Kaski,Customer_835,53,Location_5,13,423
Kaski,Customer_30,25,Location_7,67,531
Kaski,Customer_624,25,Location_8,87,460
Kaski,Customer_363,49,Location_10,63,956
Kaski,Customer_728,53,Location_3,35,379
Kaski,Customer_72,40,Location_5,43,206
Kaski,Customer_465,25,Location_8,100,903
Kaski,Customer_522,34,Location_10,54,759
Kaski,Customer_365,36,Location_3,20,262
Kaski,Customer_716,28,Location_10,8,3
Kaski,Customer_961,54,Location_3,90,277
Kaski,Customer_552,36,Location_6,70,881
Kaski,Customer_429,33,Location_6,20,454
Kaski,Customer_781,39,Location_2,27,161
Kaski,Customer_281,55,Location_2,53,856
Kaski,Customer_440,42,Location_6,72,676
Kaski,Customer_77,40,Location_3,58,166
Kaski,Customer_595,55,Location_5,70,767
Kaski,Customer_651,38,Location_9,12,513
Kaski,Customer_84,29,Location_1,35,595
Kathmandu,Customer_4,26,Location_5,64,321
Kathmandu,Customer_607,52,Location_4,22,701
Kathmandu,Customer_532,39,Location_6,57,960
Kathmandu,Customer_528,32,Location_5,80,431
Kathmandu,Customer_247,32,Location_9,13,673
Kathmandu,Customer_845,23,Location_4,88,304
Kathmandu,Customer_113,47,Location_10,52,896
Kathmandu,Customer_877,54,Location_8,88,653
Kathmandu,Customer_592,53,Location_9,53,861
Kathmandu,Customer_570,53,Location_10,33,292
Kathmandu,Customer_217,18,Location_6,44,812
Kathmandu,Customer_820,46,Location_5,95,618
Kathmandu,Customer_693,25,Location_3,79,291
Kathmandu,Customer_18,51,Location_9,56,598
Kathmandu,Customer_185,19,Location_3,37,576
Kathmandu,Customer_829,23,Location_3,41,539
Kathmandu,Customer_234,31,Location_9,18,433
Kathmandu,Customer_915,41,Location_5,63,804
Kathmandu,Customer_162,33,Location_8,17,902
Kathmandu,Customer_719,33,Location_6,99,476
Kavrepalanchok,Customer_267,18,Location_3,42,765
Kavrepalanchok,Customer_525,26,Location_4,28,825
Kavrepalanchok,Customer_577,49,Location_3,18,194
Kavrepalanchok,Customer_837,48,Location_1,85,117
Kavrepalanchok,Customer_546,56,Location_9,6,827
Kavrepalanchok,Customer_160,52,Location_9,55,770
Kavrepalanchok,Customer_391,23,Location_10,62,902
Kavrepalanchok,Customer_762,21,Location_1,4,588
Kavrepalanchok,Customer_417,42,Location_6,28,270
Kavrepalanchok,Customer_165,49,Location_10,19,49
Kavrepalanchok,Customer_89,33,Location_7,40,149
Kavrepalanchok,Customer_683,30,Location_2,32,143
Kavrepalanchok,Customer_812,23,Location_4,51,885
Kavrepalanchok,Customer_227,53,Location_7,72,125
Kavrepalanchok,Customer_298,38,Location_9,42,25
Kavrepalanchok,Customer_80,54,Location_9,12,814
Kavrepalanchok,Customer_395,23,Location_2,92,849
Kavrepalanchok,Customer_216,40,Location_9,29,194
Kavrepalanchok,Customer_156,51,Location_7,47,635
Kavrepalanchok,Customer_967,60,Location_4,60,685
Khotang,Customer_183,59,Location_7,75,352
Khotang,Customer_946,35,Location_6,38,468
Khotang,Customer_693,46,Location_10,50,184
Khotang,Customer_15,53,Location_4,14,879
Khotang,Customer_266,55,Location_6,72,505
Khotang,Customer_40,45,Location_3,73,647
Khotang,Customer_493,58,Location_10,1,903
Khotang,Customer_526,56,Location_3,53,584
Khotang,Customer_449,49,Location_1,49,316
Khotang,Customer_728,47,Location_2,6,700
Khotang,Customer_491,30,Location_9,92,532
Khotang,Customer_704,34,Location_5,45,228
Khotang,Customer_600,31,Location_8,38,18
Khotang,Customer_691,20,Location_3,60,404
Khotang,Customer_417,21,Location_8,4,197
Khotang,Customer_415,31,Location_5,71,392
Khotang,Customer_196,41,Location_2,78,250
Khotang,Customer_758,42,Location_5,84,819
Khotang,Customer_272,37,Location_2,5,587
Khotang,Customer_455,25,Location_2,96,834
Lalitpur,Customer_847,28,Location_1,92,580
Lalitpur,Customer_559,42,Location_5,34,571
Lalitpur,Customer_81,24,Location_1,3,68
Lalitpur,Customer_488,24,Location_8,29,772
Lalitpur,Customer_273,55,Location_9,96,594
Lalitpur,Customer_177,44,Location_3,15,621
Lalitpur,Customer_486,41,Location_8,4,671
Lalitpur,Customer_776,20,Location_6,94,425
Lalitpur,Customer_755,29,Location_8,58,132
Lalitpur,Customer_433,42,Location_4,36,887
Lalitpur,Customer_988,45,Location_10,37,613
Lalitpur,Customer_145,42,Location_2,74,935
Lalitpur,Customer_53,38,Location_3,32,341
Lalitpur,Customer_472,22,Location_3,7,306
Lalitpur,Customer_993,40,Location_2,28,423
Lalitpur,Customer_527,25,Location_10,79,656
Lalitpur,Customer_606,47,Location_9,36,961
Lalitpur,Customer_22,36,Location_1,74,957
Lalitpur,Customer_825,59,Location_5,46,393
Lalitpur,Customer_166,42,Location_4,98,36
Lamjung,Customer_285,26,Location_3,47,675
Lamjung,Customer_42,23,Location_3,95,39
Lamjung,Customer_142,46,Location_9,97,256
Lamjung,Customer_364,51,Location_2,24,273
Lamjung,Customer_578,47,Location_3,55,179
Lamjung,Customer_67,35,Location_7,54,284
Lamjung,Customer_878,49,Location_5,60,472
Lamjung,Customer_186,49,Location_10,50,491
Lamjung,Customer_198,33,Location_5,21,886
Lamjung,Customer_484,33,Location_5,27,32
Lamjung,Customer_831,30,Location_9,3,63
Lamjung,Customer_574,44,Location_1,90,830
Lamjung,Customer_726,57,Location_10,4,190
Lamjung,Customer_186,43,Location_3,71,53
Lamjung,Customer_437,38,Location_2,52,66
Lamjung,Customer_919,54,Location_5,25,853
Lamjung,Customer_871,54,Location_3,23,309
Lamjung,Customer_110,45,Location_9,28,496
Lamjung,Customer_872,41,Location_10,59,206
Lamjung,Customer_377,26,Location_10,71,724
Mahottari,Customer_295,27,Location_2,33,176
Mahottari,Customer_320,59,Location_7,27,686
Mahottari,Customer_112,24,Location_1,38,873
Mahottari,Customer_137,29,Location_10,100,770
Mahottari,Customer_110,33,Location_3,12,585
Mahottari,Customer_222,56,Location_10,43,503
Mahottari,Customer_223,52,Location_9,42,538
Mahottari,Customer_564,28,Location_1,50,157
Mahottari,Customer_952,22,Location_3,86,168
Mahottari,Customer_414,60,Location_9,6,904
Mahottari,Customer_206,24,Location_6,40,88
Mahottari,Customer_758,55,Location_1,84,915
Mahottari,Customer_433,44,Location_10,7,152
Mahottari,Customer_131,58,Location_4,19,726
Mahottari,Customer_462,43,Location_10,89,127
Mahottari,Customer_946,52,Location_10,37,424
Mahottari,Customer_881,29,Location_5,85,228
Mahottari,Customer_59,46,Location_5,47,684
Mahottari,Customer_961,34,Location_5,37,624
Mahottari,Customer_407,18,Location_5,85,791
Makwanpur,Customer_417,27,Location_4,40,916
Makwanpur,Customer_286,24,Location_7,99,913
Makwanpur,Customer_836,22,Location_10,27,113
Makwanpur,Customer_648,54,Location_1,75,516
Makwanpur,Customer_249,23,Location_9,56,180
Makwanpur,Customer_708,46,Location_6,4,643
Makwanpur,Customer_208,44,Location_3,42,802
Makwanpur,Customer_875,42,Location_10,100,15
Makwanpur,Customer_556,55,Location_3,13,765
Makwanpur,Customer_831,57,Location_3,31,651
Makwanpur,Customer_219,29,Location_8,68,665
Makwanpur,Customer_290,34,Location_7,45,359
Makwanpur,Customer_154,18,Location_3,46,636
Makwanpur,Customer_446,37,Location_2,7,624
Makwanpur,Customer_10,60,Location_1,25,672
Makwanpur,Customer_537,27,Location_7,74,780
Makwanpur,Customer_102,41,Location_3,99,483
Makwanpur,Customer_212,37,Location_10,52,436
Makwanpur,Customer_817,26,Location_3,1,955
Makwanpur,Customer_68,45,Location_10,67,336
Manang,Customer_920,42,Location_5,5,860
Manang,Customer_878,45,Location_1,95,296
Manang,Customer_865,45,Location_9,47,884
Manang,Customer_784,20,Location_10,95,544
Manang,Customer_213,36,Location_9,23,351
Manang,Customer_199,28,Location_6,18,384
Manang,Customer_678,45,Location_1,4,107
Manang,Customer_849,56,Location_3,68,506
Manang,Customer_802,46,Location_3,89,921
Manang,Customer_276,19,Location_3,7,578
Manang,Customer_407,27,Location_5,84,173
Manang,Customer_30,26,Location_7,79,24
Manang,Customer_197,28,Location_1,33,931
Manang,Customer_768,45,Location_5,100,786
Manang,Customer_620,32,Location_4,66,176
Manang,Customer_893,22,Location_4,42,411
Manang,Customer_945,54,Location_5,85,819
Manang,Customer_682,42,Location_3,49,107
Manang,Customer_95,44,Location_5,100,361
Manang,Customer_259,43,Location_7,100,529
Morang,Customer_500,40,Location_2,59,674
Morang,Customer_323,41,Location_6,10,870
Morang,Customer_911,35,Location_6,61,675
Morang,Customer_46,24,Location_7,39,302
Morang,Customer_209,47,Location_5,67,666
Morang,Customer_174,47,Location_3,65,285
Morang,Customer_456,40,Location_10,68,178
Morang,Customer_402,21,Location_8,43,259
Morang,Customer_321,19,Location_9,97,736
Morang,Customer_280,59,Location_1,24,381
Morang,Customer_607,39,Location_1,54,681
Morang,Customer_854,43,Location_6,62,209
Morang,Customer_825,22,Location_1,9,886
Morang,Customer_22,24,Location_9,14,447
Morang,Customer_832,60,Location_7,89,96
Morang,Customer_145,35,Location_2,53,631
Morang,Customer_455,54,Location_4,65,166
Morang,Customer_904,19,Location_7,49,858
Morang,Customer_157,57,Location_7,99,767
Morang,Customer_202,19,Location_8,91,463
Mugu,Customer_112,60,Location_5,35,874
Mugu,Customer_560,20,Location_6,82,249
Mugu,Customer_102,18,Location_5,13,160
Mugu,Customer_539,22,Location_10,78,938
Mugu,Customer_996,32,Location_5,28,857
Mugu,Customer_176,27,Location_7,92,457
Mugu,Customer_267,47,Location_7,66,336
Mugu,Customer_216,49,Location_3,88,80
Mugu,Customer_418,42,Location_6,36,867
Mugu,Customer_597,43,Location_1,57,446
Mugu,Customer_760,31,Location_1,61,187
Mugu,Customer_629,22,Location_10,92,158
Mugu,Customer_113,23,Location_7,46,185
Mugu,Customer_191,40,Location_8,75,804
Mugu,Customer_543,37,Location_10,10,924
Mugu,Customer_391,59,Location_6,70,890
Mugu,Customer_965,58,Location_7,28,323
Mugu,Customer_650,39,Location_5,70,402
Mugu,Customer_449,30,Location_8,82,397
Mugu,Customer_783,51,Location_8,60,804
Mustang,Customer_297,44,Location_7,42,633
Mustang,Customer_427,34,Location_7,24,191
Mustang,Customer_329,48,Location_6,90,156
Mustang,Customer_386,52,Location_8,80,599
Mustang,Customer_184,55,Location_10,46,501
Mustang,Customer_356,48,Location_6,49,495
Mustang,Customer_108,33,Location_5,89,367
Mustang,Customer_628,59,Location_7,28,759
Mustang,Customer_637,34,Location_8,62,185
Mustang,Customer_172,26,Location_5,84,323
Mustang,Customer_706,28,Location_2,68,983
Mustang,Customer_620,44,Location_8,10,897
Mustang,Customer_48,25,Location_8,63,53
Mustang,Customer_269,60,Location_1,40,848
Mustang,Customer_756,39,Location_7,95,217
Mustang,Customer_328,47,Location_8,53,638
Mustang,Customer_969,28,Location_2,77,267
Mustang,Customer_857,30,Location_5,38,566
Mustang,Customer_102,37,Location_1,26,148
Mustang,Customer_708,18,Location_6,72,643
Myagdi,Customer_456,54,Location_9,21,329
Myagdi,Customer_40,52,Location_4,60,367
Myagdi,Customer_246,31,Location_9,94,895
Myagdi,Customer_954,55,Location_1,83,403
Myagdi,Customer_947,30,Location_3,47,944
Myagdi,Customer_766,32,Location_6,2,554
Myagdi,Customer_682,34,Location_7,51,467
Myagdi,Customer_293,23,Location_8,98,261
Myagdi,Customer_963,25,Location_9,14,81
Myagdi,Customer_972,39,Location_10,5,111
Myagdi,Customer_771,40,Location_2,29,741
Myagdi,Customer_128,58,Location_5,5,219
Myagdi,Customer_790,19,Location_7,42,324
Myagdi,Customer_992,19,Location_7,6,415
Myagdi,Customer_429,55,Location_3,2,529
Myagdi,Customer_754,22,Location_2,46,139
Myagdi,Customer_897,37,Location_3,35,120
Myagdi,Customer_498,51,Location_9,55,872
Myagdi,Customer_170,54,Location_2,85,267
Myagdi,Customer_29,30,Location_8,100,291
Nawalpur,Customer_563,58,Location_2,46,36
Nawalpur,Customer_190,30,Location_9,26,119
Nawalpur,Customer_101,47,Location_6,18,973
Nawalpur,Customer_4,50,Location_3,48,672
Nawalpur,Customer_705,36,Location_5,41,583
Nawalpur,Customer_444,55,Location_10,32,479
Nawalpur,Customer_902,32,Location_5,12,378
Nawalpur,Customer_371,34,Location_5,54,204
Nawalpur,Customer_3,47,Location_10,96,600
Nawalpur,Customer_76,33,Location_4,39,543
Nawalpur,Customer_816,37,Location_9,61,479
Nawalpur,Customer_288,46,Location_3,58,272
Nawalpur,Customer_290,44,Location_9,22,456
Nawalpur,Customer_447,44,Location_9,14,256
Nawalpur,Customer_543,45,Location_4,3,119
Nawalpur,Customer_997,43,Location_7,53,281
Nawalpur,Customer_731,18,Location_7,23,831
Nawalpur,Customer_951,43,Location_10,77,242
Nawalpur,Customer_301,39,Location_7,31,633
Nawalpur,Customer_747,40,Location_2,43,292
Nuwakot,Customer_351,37,Location_6,77,233
Nuwakot,Customer_907,37,Location_5,44,294
Nuwakot,Customer_703,31,Location_8,51,840
Nuwakot,Customer_811,49,Location_4,77,811
Nuwakot,Customer_799,49,Location_4,77,637
Nuwakot,Customer_693,48,Location_6,46,737
Nuwakot,Customer_515,37,Location_4,71,513
Nuwakot,Customer_824,36,Location_9,60,734
Nuwakot,Customer_203,33,Location_6,33,350
Nuwakot,Customer_77,42,Location_1,44,567
Nuwakot,Customer_138,44,Location_2,59,895
Nuwakot,Customer_775,35,Location_5,47,72
Nuwakot,Customer_956,24,Location_2,87,597
Nuwakot,Customer_180,60,Location_10,95,496
Nuwakot,Customer_829,48,Location_9,71,327
Nuwakot,Customer_187,56,Location_6,71,46
Nuwakot,Customer_566,27,Location_4,74,462
Nuwakot,Customer_629,44,Location_5,1,910
Nuwakot,Customer_234,28,Location_5,59,791
Nuwakot,Customer_126,24,Location_3,10,549
Okhaldhunga,Customer_413,24,Location_7,48,498
Okhaldhunga,Customer_534,55,Location_9,10,391
Okhaldhunga,Customer_689,43,Location_10,33,38
Okhaldhunga,Customer_426,41,Location_1,88,782
Okhaldhunga,Customer_390,42,Location_6,74,780
Okhaldhunga,Customer_865,24,Location_10,56,79
Okhaldhunga,Customer_907,47,Location_9,30,513
Okhaldhunga,Customer_76,48,Location_9,53,890
Okhaldhunga,Customer_18,51,Location_6,15,773
Okhaldhunga,Customer_13,44,Location_7,30,950
Okhaldhunga,Customer_540,27,Location_7,15,723
Okhaldhunga,Customer_318,19,Location_2,77,902
Okhaldhunga,Customer_702,37,Location_5,45,340
Okhaldhunga,Customer_160,41,Location_6,92,58
Okhaldhunga,Customer_749,29,Location_3,94,185
Okhaldhunga,Customer_498,51,Location_4,96,963
Okhaldhunga,Customer_835,39,Location_10,99,257
Okhaldhunga,Customer_393,41,Location_2,92,34
Okhaldhunga,Customer_742,57,Location_8,10,547
Okhaldhunga,Customer_81,36,Location_2,54,711
Palpa,Customer_941,34,Location_1,77,547
Palpa,Customer_713,23,Location_10,30,141
Palpa,Customer_335,42,Location_7,61,314
Palpa,Customer_15,38,Location_9,5,354
Palpa,Customer_334,18,Location_8,45,362
Palpa,Customer_234,47,Location_10,94,96
Palpa,Customer_561,23,Location_10,17,746
Palpa,Customer_270,33,Location_6,21,530
Palpa,Customer_576,25,Location_8,67,781
Palpa,Customer_952,48,Location_7,89,377
Palpa,Customer_808,45,Location_7,82,10
Palpa,Customer_908,25,Location_4,50,263
Palpa,Customer_465,28,Location_10,91,775
Palpa,Customer_872,56,Location_3,31,11
Palpa,Customer_396,21,Location_10,51,854
Palpa,Customer_866,23,Location_10,5,502
Palpa,Customer_322,53,Location_1,2,530
Palpa,Customer_657,28,Location_6,61,867
Palpa,Customer_1,49,Location_2,96,101
Palpa,Customer_324,22,Location_8,91,97
Panchthar,Customer_122,34,Location_3,25,743
Panchthar,Customer_61,23,Location_2,53,302
Panchthar,Customer_129,22,Location_2,24,90
Panchthar,Customer_218,35,Location_5,100,864
Panchthar,Customer_69,56,Location_2,54,128
Panchthar,Customer_693,35,Location_10,80,873
Panchthar,Customer_996,54,Location_3,62,809
Panchthar,Customer_14,46,Location_7,47,530
Panchthar,Customer_50,56,Location_8,89,904
Panchthar,Customer_163,38,Location_5,36,646
Panchthar,Customer_620,45,Location_8,88,352
Panchthar,Customer_486,47,Location_1,38,952
Panchthar,Customer_233,53,Location_9,7,214
Panchthar,Customer_166,38,Location_1,74,614
Panchthar,Customer_386,20,Location_6,93,460
Panchthar,Customer_824,36,Location_7,97,597
Panchthar,Customer_7,54,Location_3,40,130
Panchthar,Customer_238,58,Location_1,75,128
Panchthar,Customer_39,41,Location_5,5,580
Panchthar,Customer_687,43,Location_5,55,328
Parbat,Customer_75,27,Location_5,44,288
Parbat,Customer_218,36,Location_8,37,210
Parbat,Customer_967,55,Location_7,68,430
Parbat,Customer_428,36,Location_2,26,533
Parbat,Customer_80,58,Location_10,89,777
Parbat,Customer_120,30,Location_9,84,346
Parbat,Customer_37,32,Location_9,54,993
Parbat,Customer_307,41,Location_6,92,822
Parbat,Customer_899,43,Location_8,22,358
Parbat,Customer_922,44,Location_1,99,797
Parbat,Customer_557,58,Location_10,8,646
Parbat,Customer_418,58,Location_6,11,341
Parbat,Customer_176,40,Location_5,23,756
Parbat,Customer_43,19,Location_2,85,272
Parbat,Customer_177,44,Location_6,96,955
Parbat,Customer_420,47,Location_9,66,299
Parbat,Customer_229,26,Location_4,48,238
Parbat,Customer_467,49,Location_6,46,887
Parbat,Customer_776,50,Location_10,95,561
Parbat,Customer_462,18,Location_9,92,853
Parsa,Customer_550,57,Location_1,69,180
Parsa,Customer_355,57,Location_4,58,200
Parsa,Customer_936,28,Location_5,77,399
Parsa,Customer_584,50,Location_7,40,68
Parsa,Customer_191,24,Location_4,27,76
Parsa,Customer_770,29,Location_5,65,737
Parsa,Customer_526,19,Location_3,83,550
Parsa,Customer_188,46,Location_1,51,191
Parsa,Customer_914,51,Location_1,77,715
Parsa,Customer_784,57,Location_1,46,867
Parsa,Customer_567,40,Location_9,71,910
Parsa,Customer_970,53,Location_2,10,708
Parsa,Customer_937,46,Location_4,75,648
Parsa,Customer_815,18,Location_2,16,744
Parsa,Customer_92,60,Location_1,99,682
Parsa,Customer_452,33,Location_2,17,416
Parsa,Customer_954,46,Location_6,53,951
Parsa,Customer_249,40,Location_10,94,170
Parsa,Customer_355,36,Location_8,83,243
Parsa,Customer_719,31,Location_4,52,608
Pyuthan,Customer_595,60,Location_8,5,227
Pyuthan,Customer_37,22,Location_5,98,563
Pyuthan,Customer_703,30,Location_10,74,5
Pyuthan,Customer_108,48,Location_5,37,760
Pyuthan,Customer_842,36,Location_4,88,798
Pyuthan,Customer_320,53,Location_5,34,574
Pyuthan,Customer_381,57,Location_5,60,683
Pyuthan,Customer_787,59,Location_7,44,656
Pyuthan,Customer_400,37,Location_1,41,205
Pyuthan,Customer_811,24,Location_5,61,788
Pyuthan,Customer_732,36,Location_4,10,888
Pyuthan,Customer_860,44,Location_4,6,376
Pyuthan,Customer_395,49,Location_9,79,262
Pyuthan,Customer_36,23,Location_6,78,310
Pyuthan,Customer_64,39,Location_6,82,498
Pyuthan,Customer_805,30,Location_5,46,171
Pyuthan,Customer_258,45,Location_10,18,834
Pyuthan,Customer_671,44,Location_6,76,242
Pyuthan,Customer_371,30,Location_7,28,88
Pyuthan,Customer_215,41,Location_3,56,772
Ramechhap,Customer_775,24,Location_1,38,269
Ramechhap,Customer_285,23,Location_6,100,841
Ramechhap,Customer_234,59,Location_1,81,884
Ramechhap,Customer_670,35,Location_10,79,862
Ramechhap,Customer_6,37,Location_8,24,36
Ramechhap,Customer_274,49,Location_8,26,514
Ramechhap,Customer_412,52,Location_5,7,452
Ramechhap,Customer_752,28,Location_5,42,442
Ramechhap,Customer_972,53,Location_5,99,666
Ramechhap,Customer_362,56,Location_5,42,741
Ramechhap,Customer_611,25,Location_9,12,543
Ramechhap,Customer_704,51,Location_2,79,862
Ramechhap,Customer_349,18,Location_2,86,873
Ramechhap,Customer_104,34,Location_1,48,947
Ramechhap,Customer_370,60,Location_1,86,24
Ramechhap,Customer_278,58,Location_1,18,509
Ramechhap,Customer_384,32,Location_4,25,607
Ramechhap,Customer_794,52,Location_4,28,288
Ramechhap,Customer_989,53,Location_9,91,125
Ramechhap,Customer_833,20,Location_9,1,877
Rasuwa,Customer_141,28,Location_3,78,268
Rasuwa,Customer_684,28,Location_4,88,648
Rasuwa,Customer_313,48,Location_5,14,307
Rasuwa,Customer_301,37,Location_10,84,641
Rasuwa,Customer_552,51,Location_7,66,509
Rasuwa,Customer_30,38,Location_7,39,591
Rasuwa,Customer_938,59,Location_4,99,667
Rasuwa,Customer_445,49,Location_5,86,378
Rasuwa,Customer_852,42,Location_10,58,955
Rasuwa,Customer_247,57,Location_8,67,143
Rasuwa,Customer_545,50,Location_6,21,165
Rasuwa,Customer_968,38,Location_10,63,893
Rasuwa,Customer_868,23,Location_5,70,5
Rasuwa,Customer_218,29,Location_6,14,411
Rasuwa,Customer_309,38,Location_1,24,460
Rasuwa,Customer_968,38,Location_6,53,266
Rasuwa,Customer_697,36,Location_5,96,425
Rasuwa,Customer_542,59,Location_4,25,905
Rasuwa,Customer_538,49,Location_6,31,919
Rasuwa,Customer_175,32,Location_2,11,179
Rautahat,Customer_461,53,Location_5,85,514
Rautahat,Customer_27,60,Location_5,58,871
Rautahat,Customer_212,52,Location_2,56,619
Rautahat,Customer_309,59,Location_7,63,695
Rautahat,Customer_968,43,Location_6,60,959
Rautahat,Customer_287,59,Location_10,38,812
Rautahat,Customer_901,28,Location_5,2,509
Rautahat,Customer_517,44,Location_9,9,880
Rautahat,Customer_524,33,Location_7,43,236
Rautahat,Customer_257,30,Location_4,22,640
Rautahat,Customer_147,37,Location_10,84,479
Rautahat,Customer_899,23,Location_1,58,494
Rautahat,Customer_472,21,Location_4,88,59
Rautahat,Customer_49,42,Location_8,99,69
Rautahat,Customer_920,33,Location_8,1,401
Rautahat,Customer_260,28,Location_9,83,868
Rautahat,Customer_410,35,Location_5,41,250
Rautahat,Customer_678,47,Location_6,89,122
Rautahat,Customer_489,56,Location_4,77,481
Rautahat,Customer_829,21,Location_9,67,357
Rolpa,Customer_983,23,Location_2,100,157
Rolpa,Customer_796,24,Location_7,76,869
Rolpa,Customer_436,56,Location_10,86,558
Rolpa,Customer_278,37,Location_2,50,510
Rolpa,Customer_274,31,Location_7,31,610
Rolpa,Customer_155,40,Location_5,81,888
Rolpa,Customer_352,37,Location_1,33,929
Rolpa,Customer_941,33,Location_9,3,463
Rolpa,Customer_993,44,Location_5,53,417
Rolpa,Customer_145,32,Location_9,88,112
Rolpa,Customer_797,31,Location_9,30,734
Rolpa,Customer_413,21,Location_8,84,865
Rolpa,Customer_143,53,Location_4,86,251
Rolpa,Customer_875,60,Location_2,33,577
Rolpa,Customer_100,58,Location_9,52,178
Rolpa,Customer_307,55,Location_1,27,304
Rolpa,Customer_827,24,Location_4,25,329
Rolpa,Customer_178,45,Location_6,13,651
Rolpa,Customer_714,48,Location_5,75,887
Rolpa,Customer_904,44,Location_7,80,329
Rupandehi,Customer_380,22,Location_10,50,140
Rupandehi,Customer_991,49,Location_1,90,780
Rupandehi,Customer_154,24,Location_5,33,257
Rupandehi,Customer_550,48,Location_1,65,202
Rupandehi,Customer_936,43,Location_10,6,502
Rupandehi,Customer_717,55,Location_5,16,691
Rupandehi,Customer_802,60,Location_8,87,456
Rupandehi,Customer_63,50,Location_2,1,308
Rupandehi,Customer_708,49,Location_6,51,531
Rupandehi,Customer_340,27,Location_7,95,846
Rupandehi,Customer_368,57,Location_10,30,975
Rupandehi,Customer_634,56,Location_9,79,36
Rupandehi,Customer_564,54,Location_10,71,76
Rupandehi,Customer_955,54,Location_10,63,253
Rupandehi,Customer_75,38,Location_8,84,229
Rupandehi,Customer_492,35,Location_8,49,995
Rupandehi,Customer_454,59,Location_4,16,258
Rupandehi,Customer_574,57,Location_4,98,978
Rupandehi,Customer_816,26,Location_8,65,774
Rupandehi,Customer_659,21,Location_7,67,373
Salyan,Customer_560,27,Location_1,1,160
Salyan,Customer_220,35,Location_8,37,582
Salyan,Customer_492,41,Location_7,92,35
Salyan,Customer_828,25,Location_10,40,575
Salyan,Customer_597,19,Location_5,25,12
Salyan,Customer_68,41,Location_5,85,624
Salyan,Customer_967,43,Location_2,49,848
Salyan,Customer_227,41,Location_5,30,476
Salyan,Customer_422,31,Location_3,96,34
Salyan,Customer_323,48,Location_6,12,633
Salyan,Customer_476,60,Location_10,3,985
Salyan,Customer_678,23,Location_2,11,729
Salyan,Customer_793,34,Location_10,67,39
Salyan,Customer_81,34,Location_5,33,878
Salyan,Customer_672,34,Location_9,17,368
Salyan,Customer_240,44,Location_8,25,389
Salyan,Customer_862,37,Location_3,99,742
Salyan,Customer_633,18,Location_7,94,295
Salyan,Customer_740,25,Location_6,77,292
Salyan,Customer_428,35,Location_8,38,481
Sankhuwasabha,Customer_128,60,Location_6,58,435
Sankhuwasabha,Customer_878,52,Location_5,35,301
Sankhuwasabha,Customer_774,44,Location_4,40,243
Sankhuwasabha,Customer_974,42,Location_6,86,178
Sankhuwasabha,Customer_696,38,Location_10,30,613
Sankhuwasabha,Customer_969,46,Location_5,91,427
Sankhuwasabha,Customer_753,55,Location_3,63,117
Sankhuwasabha,Customer_758,35,Location_8,68,366
Sankhuwasabha,Customer_157,35,Location_6,58,399
Sankhuwasabha,Customer_869,32,Location_6,73,250
Sankhuwasabha,Customer_863,28,Location_8,78,543
Sankhuwasabha,Customer_206,18,Location_4,97,717
Sankhuwasabha,Customer_445,48,Location_3,63,720
Sankhuwasabha,Customer_37,27,Location_4,92,565
Sankhuwasabha,Customer_767,31,Location_8,79,982
Sankhuwasabha,Customer_864,34,Location_10,16,900
Sankhuwasabha,Customer_698,19,Location_4,68,408
Sankhuwasabha,Customer_876,28,Location_5,2,241
Sankhuwasabha,Customer_124,58,Location_3,17,370
Sankhuwasabha,Customer_148,51,Location_2,44,271
Saptari,Customer_43,48,Location_9,31,806
Saptari,Customer_716,33,Location_4,26,700
Saptari,Customer_774,34,Location_3,34,862
Saptari,Customer_48,48,Location_9,58,831
Saptari,Customer_714,53,Location_8,96,887
Saptari,Customer_361,43,Location_8,98,52
Saptari,Customer_284,43,Location_4,15,766
Saptari,Customer_661,25,Location_2,74,228
Saptari,Customer_572,20,Location_7,6,952
Saptari,Customer_540,25,Location_2,2,543
Saptari,Customer_400,56,Location_5,5,382
Saptari,Customer_681,19,Location_8,16,422
Saptari,Customer_628,25,Location_3,77,502
Saptari,Customer_204,21,Location_2,36,662
Saptari,Customer_725,52,Location_10,18,917
Saptari,Customer_225,21,Location_7,55,905
Saptari,Customer_8,46,Location_8,92,633
Saptari,Customer_120,45,Location_6,5,476
Saptari,Customer_499,38,Location_9,62,627
Saptari,Customer_288,58,Location_1,11,430
Sarlahi,Customer_860,31,Location_2,18,613
Sarlahi,Customer_314,35,Location_4,17,824
Sarlahi,Customer_709,35,Location_4,74,186
Sarlahi,Customer_480,46,Location_10,83,660
Sarlahi,Customer_461,35,Location_1,24,24
Sarlahi,Customer_177,24,Location_4,29,249
Sarlahi,Customer_550,47,Location_4,30,539
Sarlahi,Customer_578,54,Location_8,28,193
Sarlahi,Customer_699,53,Location_5,21,453
Sarlahi,Customer_541,54,Location_5,46,721
Sarlahi,Customer_658,24,Location_9,2,348
Sarlahi,Customer_586,43,Location_8,1,580
Sarlahi,Customer_809,23,Location_2,39,777
Sarlahi,Customer_170,19,Location_3,97,839
Sarlahi,Customer_137,43,Location_8,80,579
Sarlahi,Customer_959,21,Location_7,16,858
Sarlahi,Customer_331,21,Location_8,95,152
Sarlahi,Customer_959,55,Location_9,90,645
Sarlahi,Customer_327,36,Location_1,70,106
Sarlahi,Customer_399,43,Location_6,50,801
Sindhuli,Customer_535,37,Location_1,22,896
Sindhuli,Customer_259,47,Location_6,22,505
Sindhuli,Customer_332,29,Location_4,8,704
Sindhuli,Customer_680,54,Location_7,85,878
Sindhuli,Customer_472,28,Location_5,15,777
Sindhuli,Customer_377,54,Location_4,72,187
Sindhuli,Customer_204,55,Location_5,71,681
Sindhuli,Customer_671,46,Location_5,51,667
Sindhuli,Customer_487,53,Location_9,68,825
Sindhuli,Customer_646,60,Location_8,52,581
Sindhuli,Customer_768,18,Location_6,73,797
Sindhuli,Customer_86,29,Location_2,53,528
Sindhuli,Customer_798,32,Location_4,69,984
Sindhuli,Customer_258,49,Location_9,86,275
Sindhuli,Customer_921,23,Location_6,23,235
Sindhuli,Customer_193,48,Location_10,61,780
Sindhuli,Customer_118,47,Location_9,98,290
Sindhuli,Customer_335,27,Location_4,86,466
Sindhuli,Customer_644,31,Location_5,45,310
Sindhuli,Customer_713,57,Location_4,94,563
Sindhupalchok,Customer_117,19,Location_3,41,458
Sindhupalchok,Customer_571,24,Location_1,50,556
Sindhupalchok,Customer_129,33,Location_10,17,101
Sindhupalchok,Customer_319,32,Location_4,10,73
Sindhupalchok,Customer_178,21,Location_7,7,369
Sindhupalchok,Customer_773,51,Location_1,29,656
Sindhupalchok,Customer_65,43,Location_3,75,689
Sindhupalchok,Customer_582,51,Location_3,32,180
Sindhupalchok,Customer_258,53,Location_2,27,455
Sindhupalchok,Customer_593,42,Location_8,84,634
Sindhupalchok,Customer_206,51,Location_4,68,479
Sindhupalchok,Customer_528,40,Location_3,24,211
Sindhupalchok,Customer_602,46,Location_7,10,900
Sindhupalchok,Customer_75,48,Location_10,75,977
Sindhupalchok,Customer_886,46,Location_2,36,363
Sindhupalchok,Customer_644,53,Location_4,56,140
Sindhupalchok,Customer_206,59,Location_2,41,848
Sindhupalchok,Customer_523,49,Location_10,17,953
Sindhupalchok,Customer_759,27,Location_2,33,639
Sindhupalchok,Customer_383,34,Location_9,22,902
Siraha,Customer_368,60,Location_5,69,152
Siraha,Customer_918,58,Location_6,11,349
Siraha,Customer_413,19,Location_4,37,66
Siraha,Customer_995,47,Location_2,8,362
Siraha,Customer_961,32,Location_1,65,587
Siraha,Customer_814,40,Location_9,98,151
Siraha,Customer_205,40,Location_6,94,518
Siraha,Customer_394,58,Location_4,43,598
Siraha,Customer_91,58,Location_10,22,628
Siraha,Customer_449,38,Location_10,25,324
Siraha,Customer_751,32,Location_2,97,528
Siraha,Customer_231,58,Location_3,51,533
Siraha,Customer_866,43,Location_7,37,801
Siraha,Customer_807,32,Location_9,35,922
Siraha,Customer_366,20,Location_9,74,506
Siraha,Customer_994,22,Location_10,27,992
Siraha,Customer_206,26,Location_4,53,913
Siraha,Customer_181,40,Location_8,43,458
Siraha,Customer_982,44,Location_9,1,587
Siraha,Customer_325,58,Location_6,38,369
Solukhumbu,Customer_492,43,Location_6,42,520
Solukhumbu,Customer_619,54,Location_10,9,726
Solukhumbu,Customer_209,55,Location_1,1,792
Solukhumbu,Customer_26,20,Location_8,43,210
Solukhumbu,Customer_686,49,Location_1,51,250
Solukhumbu,Customer_447,44,Location_10,49,451
Solukhumbu,Customer_353,19,Location_1,36,11
Solukhumbu,Customer_430,49,Location_9,7,381
Solukhumbu,Customer_588,55,Location_6,71,332
Solukhumbu,Customer_488,27,Location_3,83,434
Solukhumbu,Customer_570,19,Location_9,97,457
Solukhumbu,Customer_931,28,Location_3,18,517
Solukhumbu,Customer_111,41,Location_2,11,491
Solukhumbu,Customer_620,29,Location_3,50,720
Solukhumbu,Customer_485,30,Location_8,19,8
Solukhumbu,Customer_953,31,Location_1,31,477
Solukhumbu,Customer_769,24,Location_2,15,24
Solukhumbu,Customer_784,59,Location_8,45,813
Solukhumbu,Customer_475,34,Location_3,48,989
Solukhumbu,Customer_823,35,Location_4,55,975
Sunsari,Customer_564,26,Location_7,89,488
Sunsari,Customer_120,46,Location_2,74,819
Sunsari,Customer_151,51,Location_6,38,346
Sunsari,Customer_721,37,Location_10,41,42
Sunsari,Customer_635,40,Location_4,85,232
Sunsari,Customer_418,25,Location_9,87,658
Sunsari,Customer_88,42,Location_2,26,564
Sunsari,Customer_80,53,Location_3,13,426
Sunsari,Customer_662,35,Location_1,80,556
Sunsari,Customer_679,59,Location_9,27,912
Sunsari,Customer_710,41,Location_2,90,835
Sunsari,Customer_842,30,Location_1,21,667
Sunsari,Customer_891,54,Location_2,55,143
Sunsari,Customer_628,58,Location_1,96,108
Sunsari,Customer_278,53,Location_4,20,970
Sunsari,Customer_566,42,Location_3,73,981
Sunsari,Customer_802,49,Location_10,37,981
Sunsari,Customer_770,49,Location_9,62,517
Sunsari,Customer_822,31,Location_9,69,902
Sunsari,Customer_831,26,Location_6,41,744
Surkhet,Customer_556,39,Location_1,69,534
Surkhet,Customer_189,40,Location_7,100,894
Surkhet,Customer_474,28,Location_6,23,801
Surkhet,Customer_487,55,Location_5,3,679
Surkhet,Customer_413,31,Location_4,75,566
Surkhet,Customer_987,49,Location_6,27,769
Surkhet,Customer_508,43,Location_6,71,653
Surkhet,Customer_732,38,Location_5,73,437
Surkhet,Customer_39,19,Location_1,90,841
Surkhet,Customer_421,55,Location_4,27,785
Surkhet,Customer_175,30,Location_2,12,5
Surkhet,Customer_356,21,Location_7,50,757
Surkhet,Customer_55,43,Location_2,4,447
Surkhet,Customer_714,29,Location_9,34,173
Surkhet,Customer_83,56,Location_1,44,133
Surkhet,Customer_939,33,Location_9,87,718
Surkhet,Customer_721,59,Location_2,94,5
Surkhet,Customer_984,49,Location_5,27,881
Surkhet,Customer_479,57,Location_10,37,655
Surkhet,Customer_509,55,Location_3,73,305
Syangja,Customer_138,53,Location_4,22,222
Syangja,Customer_728,43,Location_9,44,496
Syangja,Customer_863,49,Location_4,34,446
Syangja,Customer_455,20,Location_6,39,469
Syangja,Customer_496,55,Location_8,24,529
Syangja,Customer_50,52,Location_8,27,65
Syangja,Customer_65,34,Location_1,92,252
Syangja,Customer_200,51,Location_8,10,922
Syangja,Customer_638,41,Location_1,58,538
Syangja,Customer_30,22,Location_2,42,562
Syangja,Customer_650,33,Location_7,8,338
Syangja,Customer_197,19,Location_5,6,708
Syangja,Customer_232,54,Location_3,94,509
Syangja,Customer_472,26,Location_7,69,586
Syangja,Customer_522,29,Location_8,52,512
Syangja,Customer_640,60,Location_9,18,497
Syangja,Customer_831,40,Location_9,12,939
Syangja,Customer_563,35,Location_8,5,683
Syangja,Customer_287,24,Location_8,39,958
Syangja,Customer_313,47,Location_7,66,151
Tanahun,Customer_527,44,Location_9,52,13
Tanahun,Customer_238,45,Location_8,82,857
Tanahun,Customer_753,41,Location_6,98,545
Tanahun,Customer_941,26,Location_5,83,719
Tanahun,Customer_365,33,Location_10,73,591
Tanahun,Customer_659,38,Location_5,69,45
Tanahun,Customer_539,21,Location_2,41,175
Tanahun,Customer_748,43,Location_9,16,263
Tanahun,Customer_812,33,Location_2,23,629
Tanahun,Customer_155,36,Location_3,78,229
Tanahun,Customer_623,21,Location_9,22,137
Tanahun,Customer_539,20,Location_2,99,152
Tanahun,Customer_653,49,Location_6,51,763
Tanahun,Customer_528,37,Location_6,71,787
Tanahun,Customer_385,53,Location_6,69,378
Tanahun,Customer_223,45,Location_2,21,957
Tanahun,Customer_981,29,Location_5,16,249
Tanahun,Customer_439,38,Location_6,46,614
Tanahun,Customer_544,56,Location_4,66,277
Tanahun,Customer_325,40,Location_2,98,603
Taplejung,Customer_259,54,Location_3,12,413
Taplejung,Customer_996,38,Location_3,35,895
Taplejung,Customer_44,58,Location_6,27,862
Taplejung,Customer_159,59,Location_7,66,572
Taplejung,Customer_73,26,Location_5,75,397
Taplejung,Customer_618,34,Location_8,53,208
Taplejung,Customer_241,24,Location_5,56,201
Taplejung,Customer_526,44,Location_9,70,332
Taplejung,Customer_973,57,Location_5,14,809
Taplejung,Customer_836,46,Location_10,7,305
Taplejung,Customer_839,47,Location_6,95,178
Taplejung,Customer_820,39,Location_2,94,684
Taplejung,Customer_381,41,Location_6,78,586
Taplejung,Customer_741,45,Location_7,26,846
Taplejung,Customer_168,59,Location_4,48,644
Taplejung,Customer_153,24,Location_9,98,951
Taplejung,Customer_283,41,Location_4,21,447
Taplejung,Customer_923,19,Location_10,73,347
Taplejung,Customer_622,56,Location_3,61,943
Taplejung,Customer_424,50,Location_9,20,930
Terhathum,Customer_364,55,Location_2,3,212
Terhathum,Customer_335,38,Location_6,39,796
Terhathum,Customer_135,58,Location_9,24,781
Terhathum,Customer_988,51,Location_3,98,790
Terhathum,Customer_303,60,Location_9,52,171
Terhathum,Customer_950,39,Location_5,86,996
Terhathum,Customer_949,23,Location_4,30,73
Terhathum,Customer_191,29,Location_7,89,879
Terhathum,Customer_809,35,Location_7,6,263
Terhathum,Customer_194,47,Location_6,83,435
Terhathum,Customer_306,36,Location_9,81,803
Terhathum,Customer_914,39,Location_5,47,307
Terhathum,Customer_774,19,Location_1,39,524
Terhathum,Customer_572,51,Location_4,90,174
Terhathum,Customer_192,30,Location_1,17,63
Terhathum,Customer_11,56,Location_1,84,33
Terhathum,Customer_4,55,Location_2,55,48
Terhathum,Customer_254,27,Location_9,26,854
Terhathum,Customer_373,49,Location_9,83,388
Terhathum,Customer_592,51,Location_7,59,269
Udayapur,Customer_593,31,Location_4,17,270
Udayapur,Customer_819,40,Location_6,77,755
Udayapur,Customer_467,49,Location_7,96,625
Udayapur,Customer_154,30,Location_2,5,226
Udayapur,Customer_718,29,Location_10,14,682
Udayapur,Customer_984,51,Location_5,48,841
Udayapur,Customer_512,57,Location_5,57,991
Udayapur,Customer_775,49,Location_10,57,595
Udayapur,Customer_882,40,Location_3,94,752
Udayapur,Customer_759,49,Location_6,20,86
Udayapur,Customer_726,22,Location_4,73,712
Udayapur,Customer_103,23,Location_5,50,617
Udayapur,Customer_784,32,Location_9,8,425
Udayapur,Customer_556,25,Location_10,64,293
Udayapur,Customer_251,33,Location_9,97,720
Udayapur,Customer_218,51,Location_10,69,151
Udayapur,Customer_295,33,Location_4,39,503
Udayapur,Customer_72,31,Location_2,72,952
Udayapur,Customer_917,48,Location_8,44,928
Udayapur,Customer_41,25,Location_5,51,850
Western Rukum,Customer_942,56,Location_3,37,476
Western Rukum,Customer_878,44,Location_1,99,914
Western Rukum,Customer_738,31,Location_5,37,558
Western Rukum,Customer_283,44,Location_8,94,933
Western Rukum,Customer_759,23,Location_3,22,223
Western Rukum,Customer_928,22,Location_4,26,56
Western Rukum,Customer_871,32,Location_5,88,725
Western Rukum,Customer_221,57,Location_9,87,434
Western Rukum,Customer_584,29,Location_1,95,423
Western Rukum,Customer_671,55,Location_4,68,536
Western Rukum,Customer_455,36,Location_7,84,993
Western Rukum,Customer_379,43,Location_9,83,609
Western Rukum,Customer_42,41,Location_8,23,938
Western Rukum,Customer_489,51,Location_4,33,594
Western Rukum,Customer_106,32,Location_7,58,281
Western Rukum,Customer_853,33,Location_7,46,350
Western Rukum,Customer_300,27,Location_3,47,650
Western Rukum,Customer_166,29,Location_2,82,507
Western Rukum,Customer_813,46,Location_4,40,81
Western Rukum,Customer_272,54,Location_1,73,793
Yashodhara,Customer_305,31,Location_4,59,666
Yashodhara,Customer_520,34,Location_10,30,455
Yashodhara,Customer_614,33,Location_3,56,611
Yashodhara,Customer_558,19,Location_5,9,928
Yashodhara,Customer_488,53,Location_10,92,918
Yashodhara,Customer_777,40,Location_10,12,564
Yashodhara,Customer_532,24,Location_9,78,361
Yashodhara,Customer_617,23,Location_6,58,475
Yashodhara,Customer_543,37,Location_8,100,364
Yashodhara,Customer_733,60,Location_5,57,235
Yashodhara,Customer_832,45,Location_7,17,986
Yashodhara,Customer_533,30,Location_5,58,281
Yashodhara,Customer_3,39,Location_10,25,600
Yashodhara,Customer_685,58,Location_5,24,501
Yashodhara,Customer_695,24,Location_10,60,786
Yashodhara,Customer_551,21,Location_1,1,894
Yashodhara,Customer_219,30,Location_8,44,488
Yashodhara,Customer_980,48,Location_9,93,220
Yashodhara,Customer_567,36,Location_2,37,915
Yashodhara,Customer_416,51,Location_9,41,916
